"","Latitude","Longitude","tLU_INDEX","cLU_INDEX","Mean_CTRL_ALBEDO","Mean_t00X_ALBEDO","delta_ALBEDO_t00X","Mean_CTRL_SWDOWN","Mean_t00X_SWDOWN","delta_SWDOWN_t00X"
"1",36.7976913452148,-82.00927734375,16,4,0.186775804895066,0.142194397093585,-0.0445814078014814,266.061044028739,267.750125351417,1.68908132267831
"2",36.7999649047852,-82.0765380859375,16,4,0.187136592727784,0.153381190476457,-0.0337554022513273,261.411385746216,263.662252245668,2.25086649945138
"3",36.8021965026855,-82.1438293457031,16,4,0.186810303943022,0.141126527833158,-0.0456837761098642,264.05142576917,265.133051984436,1.08162621526543
"4",36.8044013977051,-82.2111206054688,16,4,0.186881067193826,0.142037795235492,-0.0448432719583335,264.088680430964,265.983200991686,1.89452056072219
"5",36.8065605163574,-82.2784423828125,16,4,0.186965474777636,0.143106766531895,-0.0438587082457411,265.89393689941,265.967605981848,0.0736690824375614
"6",36.8396759033203,-81.6698303222656,16,4,0.186651894836976,0.138649738827634,-0.0480021560093422,267.677015243054,268.354933188632,0.677917945577576
"7",36.8421211242676,-81.7371215820313,16,4,0.186624737793024,0.139931749566416,-0.0466929882266077,270.184708701563,270.982997013036,0.798288311473016
"8",36.8469123840332,-81.8717651367188,16,4,0.186713240240867,0.155234483811319,-0.0314787564295476,264.250148615899,267.179263009292,2.92911439339247
"9",36.8492622375488,-81.9390869140625,16,4,0.187004772349675,0.154163337263726,-0.0328414350859483,265.757492182554,268.803379351215,3.0458871686613
"10",36.8515701293945,-82.0064086914063,16,4,0.190395346759307,0.163694919874729,-0.0267004268845779,271.389192492465,273.5610679559,2.1718754634349
"11",36.8538360595703,-82.07373046875,16,4,0.19047400137008,0.15093616098139,-0.03953784038869,267.759443654684,269.753690758681,1.994247103997
"12",36.8604431152344,-82.2757568359375,16,4,0.187131099428107,0.14417047488248,-0.0429606245456269,267.853119265018,268.830538842864,0.97741957784541
"13",36.8859710693359,-81.4646911621094,16,4,0.188996851722796,0.140482330976994,-0.048514520745802,263.462731695892,265.884056527858,2.42132483196599
"14",36.8885307312012,-81.5320434570313,16,4,0.187852420614499,0.139191196257478,-0.0486612243570211,265.234938923707,267.522818582626,2.28787965891831
"15",36.8910484313965,-81.5993957519531,16,4,0.186616770136562,0.139370892596814,-0.0472458775397486,268.070189358283,268.887523121993,0.817333763710394
"16",36.8959999084473,-81.7341003417969,16,4,0.186778240795872,0.143397066248085,-0.0433811745477864,265.110327679795,265.977614749369,0.867287069573706
"17",36.8984146118164,-81.8014526367188,16,4,0.188076428319607,0.151989998465355,-0.0360864298542518,261.645251167616,262.802011743654,1.15676057603804
"18",36.9007949829102,-81.8688049316406,16,4,0.19073223795769,0.162862128033128,-0.0278701099245621,263.178509427975,266.222135185726,3.04362575775116
"19",36.9031295776367,-81.9361572265625,16,4,0.189236775449168,0.148187368264588,-0.0410494071845803,265.511629232071,267.450150216907,1.93852098483592
"20",36.9054489135742,-82.0035400390625,16,4,0.186881123230363,0.142204910705093,-0.0446762125252701,269.315682795165,269.079950135706,-0.23573265945879
"21",36.9121551513672,-82.2056884765625,16,4,0.18710895198105,0.146016573720775,-0.0410923782602756,265.786468648944,266.943444001814,1.15697535286972
"22",36.9143180847168,-82.2730712890625,16,4,0.187189904222481,0.14689845549205,-0.0402914487304309,265.579597833603,266.181217134293,0.601619300690288
"23",36.9372329711914,-81.3941040039063,16,4,0.189687892399332,0.155653383543701,-0.0340345088556311,261.735813413833,262.499167708213,0.763354294380065
"24",36.939826965332,-81.4614868164063,16,4,0.186861116128055,0.142029863283985,-0.0448312528440701,264.42990542133,267.143331301219,2.71342587988846
"25",36.9423942565918,-81.5288696289063,16,4,0.186775595138076,0.14172224530402,-0.0450533498340555,268.073475384613,268.974081786691,0.900606402078438
"26",36.9449119567871,-81.5962524414063,16,4,0.186683415186051,0.139075749109219,-0.047607666076832,266.410371625038,268.008548700461,1.59817707542317
"27",36.9474105834961,-81.6636352539063,16,4,0.186268642149469,0.138936535043926,-0.0473321071055429,265.520982161969,267.335618118801,1.81463595683203
"28",36.9498634338379,-81.7310485839844,16,4,0.191710367018862,0.162535997433596,-0.0291743695852658,262.667918040875,267.198005995849,4.53008795497408
"29",36.952278137207,-81.7984619140625,16,4,0.19366308093835,0.16650496418204,-0.0271581167563098,264.609781375601,266.587034833678,1.97725345807652
"30",36.9546585083008,-81.8658447265625,16,4,0.191355310641766,0.151127888540027,-0.0402274221017392,267.108258409015,268.860774862591,1.75251645357571
"31",36.9570045471191,-81.9332580566406,16,4,0.186919908366404,0.140737881474442,-0.0461820268919614,268.53196389098,267.178700068257,-1.35326382272291
"32",36.9593162536621,-82.0006713867188,16,4,0.186717890188408,0.141128527528136,-0.0455893626602727,267.676184297019,267.311474843511,-0.364709453508397
"33",36.9615821838379,-82.068115234375,16,4,0.186759363794233,0.142872942731286,-0.0438864210629476,265.678722923775,267.4935534709,1.8148305471247
"34",36.9638214111328,-82.1355285644531,16,4,0.186991662715537,0.143634640427168,-0.043357022288369,266.641685875386,266.9374696996,0.295783824214595
"35",36.9681930541992,-82.2703857421875,16,4,0.187165959794071,0.149199061388857,-0.0379668984052144,266.346451739941,268.22163266735,1.87518092740947
"36",36.9884490966797,-81.3233947753906,16,4,0.189237276162141,0.143291228563416,-0.0459460475987252,263.645100669835,265.313299927306,1.66819925747149
"37",36.9936828613281,-81.458251953125,16,4,0.188352904618264,0.153255895448682,-0.0350970091695821,263.496588014312,265.766577873721,2.26998985940895
"38",36.9962539672852,-81.5256958007813,16,4,0.187227295822725,0.137470666307857,-0.0497566295148683,262.667114210569,265.229908646127,2.56279443555775
"39",36.9987831115723,-81.5931091308594,16,4,0.187061446588384,0.138821523345427,-0.0482399232429564,260.246588946158,263.353575257946,3.10698631178747
"40",37.0012664794922,-81.6605529785156,16,4,0.18898070050884,0.143629105360733,-0.0453515951481073,262.860241574793,265.902419453051,3.04217787825792
"41",37.003719329834,-81.7279968261719,16,4,0.190137108712619,0.159186516590489,-0.0309505921221297,267.119247060934,269.349310364464,2.23006330353076
"42",37.0061416625977,-81.7954406738281,16,4,0.186623406159256,0.139997608915903,-0.0466257972433534,266.463716892974,267.628436347379,1.16471945440429
"43",37.0085258483887,-81.8628845214844,16,4,0.186679594636558,0.139776577246195,-0.0469030173903622,268.626380406187,268.13524766805,-0.491132738137708
"44",37.010871887207,-81.9303588867188,16,4,0.176403860748079,0.141550619756706,-0.034853240991373,265.824655392649,265.942041188752,0.117385796102951
"45",37.01318359375,-81.997802734375,16,4,0.186613527193429,0.140786575397202,-0.0458269517962271,265.182190795474,265.958295287802,0.776104492328216
"46",37.0154609680176,-82.0652770996094,16,4,0.186654952856619,0.140754967373483,-0.0458999854831355,263.244045114673,264.567724199321,1.32367908464869
"47",37.0177040100098,-82.1327514648438,16,4,0.187170022553092,0.146298671253682,-0.0408713512994098,265.161801221402,265.955854281205,0.79405305980282
"48",37.0198974609375,-82.2001953125,16,4,0.18862475724604,0.148395606309828,-0.0402291509362118,267.402253593842,270.465313840545,3.06306024670374
"49",37.0220718383789,-82.2677001953125,16,4,0.188983513000216,0.149840285109204,-0.039143227891012,267.152035366527,268.135457896049,0.983422529522045
"50",37.0396347045898,-81.2526245117188,16,4,0.189352574659578,0.143619473241648,-0.0457331014179305,263.891233188514,265.861128050303,1.96989486178819
"51",37.0423049926758,-81.320068359375,16,4,0.189170935176457,0.141897151709261,-0.0472737834671967,262.028313574819,265.015990066551,2.98767649173175
"52",37.0449447631836,-81.3875427246094,16,4,0.190951305074965,0.149573479741095,-0.0413778253338697,260.835397619432,263.513584242489,2.67818662305626
"53",37.047534942627,-81.4550170898438,16,4,0.192129263785337,0.163387214824974,-0.0287420489603628,258.815647731417,263.224489252256,4.4088415208397
"54",37.050106048584,-81.5224914550781,16,4,0.18984244045985,0.146409032484677,-0.0434334079751727,262.039621824771,264.706690429917,2.66706860514591
"55",37.0526275634766,-81.5899658203125,16,4,0.190687501453857,0.149932687780134,-0.0407548136737225,261.973460105171,266.11103316854,4.13757306336828
"56",37.0575828552246,-81.7249450683594,16,4,0.187451586318288,0.138531089412672,-0.0489204969056161,265.041131913883,266.153576636991,1.11244472310739
"57",37.0623931884766,-81.8599243164063,16,4,0.186392226406151,0.140355286494001,-0.0460369399121505,264.799436335681,266.611795933147,1.8123595974663
"58",37.0647315979004,-81.9274291992188,16,4,0.186635779383685,0.139495504723233,-0.0471402746604519,263.313471262488,265.845175601208,2.53170433871946
"59",37.0670509338379,-81.9949340820313,16,4,0.189224204676249,0.153199682893947,-0.0360245217823019,263.932324957764,266.83635392571,2.90402896794615
"60",37.0693283081055,-82.0624389648438,16,4,0.188688421049894,0.147402207617321,-0.0412862134325731,265.315799374673,267.230168754318,1.91436937964556
"61",37.0715637207031,-82.1299438476563,16,4,0.187368801448913,0.15017941623836,-0.037189385210553,261.690418193213,264.779361878299,3.08894368508606
"62",37.0737762451172,-82.1974792480469,16,4,0.187403456909983,0.151544533464351,-0.0358589234456317,265.218213290209,267.289305973737,2.07109268352815
"63",37.0759391784668,-82.2649841308594,16,4,0.187468201839905,0.152568407387247,-0.0348997944526577,266.733691672102,267.860608027493,1.1269163553909
"64",37.0907707214356,-81.1817321777344,16,4,0.189239232488028,0.143104525561199,-0.0461347069268297,262.869906945256,265.674967281629,2.80506033637295
"65",37.0934791564941,-81.2492370605469,16,4,0.189332065695606,0.143580756891829,-0.0457513088037774,263.534628378242,265.839489502795,2.30486112455384
"66",37.0987892150879,-81.38427734375,16,4,0.19294528235516,0.155839899049146,-0.0371053833060148,262.862832645999,266.504851983649,3.64201933764969
"67",37.1013946533203,-81.4517822265625,16,4,0.193037840868838,0.153310414470662,-0.0397274263981761,261.397234186798,263.660523976426,2.26328978962761
"68",37.1039657592773,-81.519287109375,16,4,0.190074618452805,0.147086128412096,-0.0429884900407093,262.045073470584,264.647471204047,2.60239773346228
"69",37.1064910888672,-81.5868225097656,16,4,0.189013677932559,0.141890735978097,-0.0471229419544623,266.142404036328,267.914288189866,1.77188415353794
"70",37.1089859008789,-81.6543579101563,16,4,0.186726381839415,0.138137228708686,-0.048589153130729,265.681967563016,268.077335869887,2.39536830687121
"71",37.1114349365234,-81.7218933105469,16,4,0.186771759857205,0.140252732256458,-0.0465190276007476,263.075964061209,266.453490026315,3.37752596510569
"72",37.1138648986816,-81.7894287109375,16,4,0.187811379773731,0.147480586019406,-0.0403307937543248,261.987161178336,265.011359544862,3.0241983665257
"73",37.1162567138672,-81.8569641113281,16,4,0.189459370114592,0.152705083424264,-0.0367542866903288,262.493840350242,266.584737110722,4.09089676048075
"74",37.1186027526856,-81.9244995117188,16,4,0.189183153335429,0.149322128816391,-0.0398610245190376,263.621567885267,268.356380805386,4.73481292011923
"75",37.1209106445313,-81.9920654296875,16,4,0.189438274123925,0.153077760860868,-0.0363605132630569,265.246945878083,268.149902816378,2.90295693829574
"76",37.1231918334961,-82.0596008300781,16,4,0.187286967486912,0.148397496515626,-0.0388894709712864,263.366975441379,266.052563669004,2.68558822762577
"77",37.1254348754883,-82.1271667480469,16,4,0.187246717938393,0.150825344995712,-0.0364213729426809,262.157294378666,263.701289135565,1.54399475689928
"78",37.1276435852051,-82.1947326660156,16,4,0.187434143027483,0.153154457126921,-0.0342796859005624,263.21243395932,265.534689379767,2.32225542044694
"79",37.129810333252,-82.2622985839844,16,4,0.187454315859779,0.152046044324458,-0.0354082715353211,266.016664404229,266.903796385999,0.887131981769812
"80",37.1418571472168,-81.1107788085938,16,4,0.189640759225309,0.144701166845459,-0.0449395923798505,261.124602829804,263.96467490882,2.84007207901669
"81",37.1446151733398,-81.1783142089844,16,4,0.189940540242369,0.145765649650537,-0.0441748905918321,261.680155349709,263.587326365339,1.9071710156295
"82",37.1473197937012,-81.245849609375,16,4,0.189517668229693,0.14504494026863,-0.0444727279610623,258.632796233181,261.79633428507,3.16353805188885
"83",37.1499977111816,-81.3134155273438,16,4,0.189897221688679,0.150252990330456,-0.039644231358223,261.234107419947,264.978470790682,3.74436337073564
"84",37.1526374816895,-81.3809814453125,16,4,0.192187443879632,0.155874336197726,-0.0363131076819068,261.051293046795,265.396357142156,4.34506409536169
"85",37.1552352905273,-81.4485473632813,16,4,0.191222965964032,0.151106233377781,-0.0401167325862515,262.253433569772,264.039969323163,1.78653575339115
"86",37.1578140258789,-81.51611328125,16,4,0.190217023101569,0.148419118639051,-0.0417979044625189,262.697225654557,267.06990271742,4.37267706286281
"87",37.1603393554688,-81.5836791992188,16,4,0.189010735100458,0.143595072840889,-0.0454156622595691,263.024871824184,266.280867594364,3.2559957701805
"88",37.1628341674805,-81.6512451171875,16,4,0.187101856550543,0.144824511341211,-0.0422773452093322,263.980760937781,266.293133550542,2.31237261276112
"89",37.1652946472168,-81.7188110351563,16,4,0.188783140285002,0.144227444504809,-0.0445556957801933,262.143234751991,265.767546752385,3.6243120003939
"90",37.1677169799805,-81.7864074707031,16,4,0.190458735550916,0.155402433966134,-0.035056301584782,263.32752777202,266.849797094546,3.52226932252512
"91",37.1701049804688,-81.85400390625,16,4,0.189561256718037,0.152805106565476,-0.0367561501525615,261.575927355856,264.922088874534,3.34616151867834
"92",37.1724624633789,-81.9215698242188,16,4,0.187059326943966,0.145682671681532,-0.0413766552624338,262.238474046605,264.188893184156,1.95041913755114
"93",37.1770553588867,-82.0567626953125,16,4,0.186885092064582,0.149377231275736,-0.0375078607888457,263.99922748794,266.060047944675,2.06082045673548
"94",37.1792945861816,-82.1243896484375,16,4,0.187207909412012,0.151173950257687,-0.0360339591543255,264.752114498044,265.790351560848,1.03823706280332
"95",37.1815071105957,-82.1919860839844,16,4,0.187355762879811,0.153862236847928,-0.0334935260318831,261.896176130027,264.627583236116,2.73140710608914
"96",37.1836814880371,-82.2595825195313,16,4,0.187627704227461,0.154099485663326,-0.0335282185641349,262.818234657816,265.161511287216,2.34327662939955
"97",37.1929168701172,-81.0397338867188,16,4,0.189420827203996,0.143603672442412,-0.0458171547615848,260.760291620719,263.379396321988,2.6191047012689
"98",37.1984481811523,-81.1748962402344,16,4,0.190057518031963,0.156658816596505,-0.033398701435458,258.536972485739,262.611540639086,4.07456815334751
"99",37.2011642456055,-81.2424926757813,16,4,0.190443588829622,0.161888019598122,-0.0285555692314995,260.933881596727,263.858988430548,2.92510683382108
"100",37.2038345336914,-81.3100891113281,16,4,0.190675793112502,0.161911483157014,-0.0287643099554879,260.463823662787,265.472217118568,5.00839345578152
"101",37.206485748291,-81.377685546875,16,4,0.191789030227581,0.152280181847965,-0.0395088483796163,262.128339142391,266.239737572617,4.11139843022579
"102",37.2090797424316,-81.4452819824219,16,4,0.191837666861651,0.15222720858867,-0.039610458272981,264.26531732386,267.215201305012,2.94988398115237
"103",37.2116584777832,-81.5129089355469,16,4,0.190071599690308,0.154110477350882,-0.0359611223394259,262.379814406928,264.896214645938,2.51640023901001
"104",37.2141990661621,-81.5805053710938,16,4,0.186980543960896,0.146637107525004,-0.0403434364358917,262.036547003208,264.429314709206,2.39276770599821
"105",37.2166938781738,-81.6481323242188,16,4,0.186956517619872,0.146330296194742,-0.0406262214251296,262.736570574384,267.176866815177,4.44029624079292
"106",37.2191505432129,-81.7157592773438,16,4,0.189748902963493,0.155412112311449,-0.0343367906520433,265.901489890652,269.182604886002,3.28111499535026
"107",37.2215728759766,-81.7833862304688,16,4,0.190394285718105,0.155344656136869,-0.0350496295812356,263.84875802206,264.936068021215,1.08730999915434
"108",37.2239646911621,-81.8510131835938,16,4,0.189305849573632,0.154623304492896,-0.0346825450807359,261.638965495717,263.686302992683,2.04733749696589
"109",37.2263069152832,-81.9186401367188,16,4,0.18854084472194,0.146628722415841,-0.0419121223060988,260.29928332385,264.528316548706,4.22903322485632
"110",37.2286376953125,-81.9862976074219,16,4,0.186612011676096,0.146411228720056,-0.0402007829560405,261.818745441041,264.857159664405,3.03841422336399
"111",37.2309150695801,-82.0539245605469,16,4,0.186842302723629,0.148474466764611,-0.038367835959018,261.832115531114,265.155537887519,3.32342235640539
"112",37.2331619262695,-82.12158203125,16,4,0.186941551988673,0.150335290873626,-0.036606261115047,263.349820272419,265.880367619864,2.53054734744501
"113",37.2375450134277,-82.2568969726563,16,4,0.187673402807244,0.153495784743477,-0.0341776180637674,263.394150471587,265.314882519528,1.92073204794076
"114",37.2439193725586,-80.9685668945313,16,4,0.189737791196507,0.154732023977779,-0.0350057672187275,261.528024807338,264.115010556547,2.58698574920885
"115",37.2467498779297,-81.0361938476563,16,4,0.189858954121936,0.155095370289735,-0.0347635838322014,258.95699622054,260.921900753427,1.96490453288703
"116",37.2495384216309,-81.1038208007813,16,4,0.189418594093749,0.154554693874927,-0.0348639002188215,260.522082693306,262.457024945111,1.93494225180518
"117",37.2522811889648,-81.1714477539063,16,4,0.190024511283438,0.15700308363888,-0.0330214276445576,261.140586296445,264.194240857663,3.0536545612182
"118",37.2550048828125,-81.2391052246094,16,4,0.189830080597919,0.145894090446879,-0.0439359901510398,260.480214526648,264.428498512706,3.9482839860583
"119",37.2576789855957,-81.3067321777344,16,4,0.189823658080718,0.14690927559739,-0.042914382483328,260.887316151177,264.260944524073,3.37362837289521
"120",37.2603302001953,-81.3743896484375,16,4,0.190226639396295,0.150672014609698,-0.0395546247865968,262.399237575583,265.199316092989,2.80007851740601
"121",37.2629356384277,-81.4420471191406,16,4,0.190151379005816,0.15253390570234,-0.0376174733034758,263.01703675686,266.352313862186,3.33527710532559
"122",37.265510559082,-81.5097045898438,16,4,0.189606502275461,0.152732804934919,-0.0368736973405415,261.08176294982,264.650527091882,3.56876414206204
"123",37.2680397033691,-81.5773620605469,16,4,0.18700773845539,0.145791893869039,-0.041215844586351,260.020215215476,262.939733358735,2.91951814325961
"124",37.2705421447754,-81.64501953125,16,4,0.186953111888782,0.148620203479618,-0.0383329084091643,260.45169389647,263.146855424544,2.69516152807358
"125",37.2729988098145,-81.7126770019531,16,4,0.18874022669431,0.147903465852738,-0.0408367608415713,264.600993286652,266.816976903023,2.21598361637092
"126",37.2754249572754,-81.7803649902344,16,4,0.189420262814226,0.1523647840064,-0.0370554788078259,264.430030431585,268.131007841313,3.70097740972773
"127",37.2778167724609,-81.8480224609375,16,4,0.188767875314756,0.150247811101203,-0.0385200642135531,261.76591701867,266.048802700176,4.28288568150555
"128",37.2801666259766,-81.9157104492188,16,4,0.186886562920877,0.146712200633567,-0.04017436228731,261.256109708918,264.490067323677,3.23395761475831
"129",37.2824859619141,-81.9833984375,16,4,0.186708906480738,0.146413020568109,-0.0402958859126297,262.785762475949,265.464664566577,2.67890209062779
"130",37.2847747802734,-82.0510864257813,16,4,0.186715296134207,0.147373105989076,-0.0393421901451304,261.141717820174,263.613997089071,2.47227926889741
"131",37.2870216369629,-82.1187744140625,16,4,0.186872925031688,0.150872775670343,-0.0360001493613449,261.347371905023,264.27814092189,2.93076901686709
"132",37.2892265319824,-82.1864624023438,16,4,0.187033545852599,0.151060278522962,-0.0359732673296369,263.039661798617,265.992503922354,2.95284212373662
"133",37.2914009094238,-82.2541809082031,16,4,0.187456915482351,0.153616538737218,-0.0338403767451328,263.44369796873,264.273132127527,0.829434158797483
"134",37.2948951721191,-80.8973388671875,16,4,0.189398242240596,0.148210349754865,-0.0411878924857303,263.733202611281,266.456115489551,2.72291287827034
"135",37.2977523803711,-80.9649963378906,16,4,0.190052448509426,0.156823097598368,-0.0332293509110577,264.971490956605,267.158370697431,2.18687974082599
"136",37.3005867004395,-81.0326538085938,16,4,0.189194330339099,0.142953245585046,-0.0462410847540532,261.028008329278,264.928337366222,3.90032903694356
"137",37.3033752441406,-81.100341796875,16,4,0.189595542218054,0.144094185250731,-0.0455013569673228,261.269503300771,263.129927223843,1.86042392307195
"138",37.3061294555664,-81.1680297851563,16,4,0.189627912498378,0.145147937861481,-0.0444799746368966,260.904918718381,263.742345035115,2.83742631673391
"139",37.3088417053223,-81.2357177734375,16,4,0.190345373294501,0.148331583644522,-0.0420137896499792,260.985560102885,263.903162700164,2.91760259727971
"140",37.3115234375,-81.3034057617188,16,4,0.190329815513917,0.149230863255009,-0.0410989522589087,260.40396703117,264.970185125705,4.56621809453532
"141",37.3141632080078,-81.37109375,16,4,0.190783301390574,0.153502603156171,-0.0372806982344021,260.984789809612,263.404498992738,2.4197091831258
"142",37.3167686462402,-81.4387817382813,16,4,0.18960513553894,0.14462496354335,-0.04498017199559,260.114319845471,261.430037018347,1.31571717287613
"143",37.3193550109863,-81.5064697265625,16,4,0.188852436828596,0.146508549103135,-0.0423438877254613,260.793844063145,262.97639841044,2.18255434729502
"144",37.3218841552734,-81.5741882324219,16,4,0.189305675808106,0.145910497617526,-0.0433951781905799,262.012009301814,264.641086328663,2.62907702684834
"145",37.3243827819824,-81.6419067382813,16,4,0.187028641810679,0.147196211328026,-0.0398324304826535,261.483258612954,263.571443481189,2.08818486823475
"146",37.3268432617188,-81.7095947265625,16,4,0.186971824301166,0.148433300597039,-0.0385385237041266,262.253891870212,264.969125414258,2.71523354404525
"147",37.3292808532715,-81.77734375,16,4,0.187058565326702,0.149074872936115,-0.0379836923905872,262.499469611228,266.093266474728,3.59379686350019
"148",37.3316688537598,-81.8450317382813,16,4,0.186936641200509,0.146996954146581,-0.0399396870539285,264.354026445254,266.884654195186,2.53062774993191
"149",37.3340187072754,-81.9127807617188,16,4,0.187033821727025,0.147243592879495,-0.0397902288475303,262.337727441223,264.621098036237,2.28337059501354
"150",37.3363456726074,-81.9804992675781,16,4,0.186915919296105,0.14775844417328,-0.0391574751228248,262.714551321576,264.018245907883,1.30369458630753
"151",37.3386344909668,-82.0482482910156,16,4,0.186806700854448,0.148447185534588,-0.0383595153198604,263.333244780981,264.54778766023,1.21454287924831
"152",37.340877532959,-82.115966796875,16,4,0.18701983942921,0.150699818738631,-0.0363200206905789,260.441282525592,263.205973313933,2.76469078834043
"153",37.3430900573731,-82.1837158203125,16,4,0.187314035474076,0.15434061751653,-0.032973417957546,261.983478897969,262.720400262592,0.736921364622901
"154",37.3452644348145,-82.25146484375,16,4,0.187437883892772,0.154679846446328,-0.0327580374464438,264.835260461075,266.68342314152,1.84816268044517
"155",37.345832824707,-80.8260192871094,16,4,0.188924640464851,0.146433279576178,-0.042491360888673,262.245975657605,265.135076349215,2.88910069161034
"156",37.3487319946289,-80.8937072753906,16,4,0.188748519998312,0.141471548948038,-0.047276971050274,260.946029711311,266.146957991683,5.20092828037178
"157",37.3515853881836,-80.96142578125,16,4,0.189036506654763,0.143984280469601,-0.045052226185162,262.21777074654,265.480169310131,3.26239856359138
"158",37.3544158935547,-81.0291442871094,16,4,0.189075573634184,0.143279635054118,-0.0457959385800663,261.067716712653,265.49472217518,4.42700546252706
"159",37.3572006225586,-81.0968627929688,16,4,0.189118380704256,0.143581964071586,-0.0455364166326703,262.108213182546,263.949403679813,1.84119049726706
"160",37.3599586486816,-81.1645812988281,16,4,0.190045956033435,0.146894014089138,-0.0431519419442977,262.573858038655,265.175493797639,2.60163575898372
"161",37.362678527832,-81.2322998046875,16,4,0.188774937825821,0.145927717361731,-0.0428472204640898,259.077670320797,262.822902067343,3.74523174654621
"162",37.3653526306152,-81.300048828125,16,4,0.190901721043266,0.153338095198774,-0.0375636258444923,258.908416348246,262.850447284186,3.94203093593973
"163",37.3680076599121,-81.3677978515625,16,4,0.190430470568357,0.153813176893012,-0.0366172936753444,258.791474062774,262.489346841181,3.69787277840777
"164",37.3706130981445,-81.4355163574219,16,4,0.189898966851556,0.153117763305317,-0.0367812035462388,259.145577200335,260.643315407882,1.49773820754666
"165",37.3731918334961,-81.5032653808594,16,4,0.189091543972927,0.14581316580589,-0.0432783781670369,260.306478123951,261.668679863862,1.36220173991103
"166",37.3757286071777,-81.5710144042969,16,4,0.186952317681032,0.147000290510471,-0.0399520271705609,262.267334593129,264.181096992782,1.91376239965319
"167",37.378231048584,-81.6387634277344,16,4,0.188798597665132,0.147018388133892,-0.0417802095312399,262.780779203029,264.859872480873,2.07909327784438
"168",37.3806991577148,-81.70654296875,16,4,0.189103425726976,0.15376430815419,-0.035339117572786,262.803621290714,265.823961350424,3.02034005971063
"169",37.3831329345703,-81.7742919921875,16,4,0.187164598092694,0.149272055043982,-0.0378925430487118,262.023241798164,264.416019946292,2.39277814812755
"170",37.3855171203613,-81.8420715332031,16,4,0.186977565776671,0.149573660902818,-0.0374039048738532,262.57676784754,264.869241613267,2.29247376572647
"171",37.387866973877,-81.9098510742188,16,4,0.186996927099209,0.149671824738842,-0.037325102360367,262.538017695998,264.831996789042,2.29397909304379
"172",37.3902053833008,-81.9776000976563,16,4,0.187060456800571,0.151039580502331,-0.0360208762982402,262.118994159102,264.075569529921,1.95657537081962
"173",37.3924827575684,-82.0453796386719,16,4,0.187026304989199,0.151628716193698,-0.035397588795501,263.728606604256,264.164390127531,0.435783523274949
"174",37.3947334289551,-82.1131591796875,16,4,0.187114770944186,0.15277154263237,-0.0343432283118163,263.057436655364,265.162826302615,2.10538964725077
"175",37.3967018127441,-80.7545776367188,16,4,0.189253440807569,0.14021880458858,-0.0490346362189888,262.150750599373,264.815820588696,2.66506998932283
"176",37.3969459533691,-82.1809692382813,16,4,0.187339006392731,0.154616135527533,-0.0327228708651984,261.662553242141,263.187538457915,1.52498521577405
"177",37.3996467590332,-80.8223266601563,16,4,0.18705481767803,0.137375053101234,-0.0496797645767961,262.392160222994,265.101502637744,2.70934241474947
"178",37.4025459289551,-80.8900756835938,16,4,0.188456686842011,0.140576170409556,-0.0478805164324552,264.614903707237,266.894528809062,2.2796251018251
"179",37.4054069519043,-80.9578247070313,16,4,0.189738589794754,0.144882388273677,-0.0448562015210774,262.261013448761,266.909979842944,4.64896639418311
"180",37.4082412719727,-81.0256042480469,16,4,0.189741362188027,0.144853417758142,-0.0448879444298847,262.09661296479,266.023587126735,3.92697416194557
"181",37.4110298156738,-81.0933837890625,16,4,0.188718265937553,0.143000526380577,-0.0457177395569763,261.679424198803,265.002158368426,3.32273416962352
"182",37.4137840270996,-81.1611328125,16,4,0.189641131719852,0.145531428113344,-0.0441097036065082,259.727843414881,263.679878352701,3.95203493781969
"183",37.4165077209473,-81.2289123535156,16,4,0.190535111751063,0.15567801009087,-0.0348571016601933,259.352664129607,263.133124488989,3.78046035938246
"184",37.4191932678223,-81.2966918945313,16,4,0.191295105960629,0.155658351474647,-0.0356367544859823,259.231980828906,263.301740856633,4.06976002772706
"185",37.4218406677246,-81.3644714355469,16,4,0.190687233408045,0.154327626481522,-0.0363596069265223,257.92890518076,261.489113143159,3.56020796239824
"186",37.424446105957,-81.4322509765625,16,4,0.189741285610331,0.153620221541831,-0.0361210640684998,261.44373710751,263.811950207605,2.36821310009424
"187",37.4270286560059,-81.5000610351563,16,4,0.189160974199861,0.147364565726911,-0.0417964084729491,260.239883400753,262.988658601233,2.74877520048028
"188",37.4295616149902,-81.5678405761719,16,4,0.186797556390919,0.148795798497839,-0.0380017578930793,261.477208327354,262.225120781412,0.747912454057541
"189",37.4320755004883,-81.6356506347656,16,4,0.188514244740536,0.147860380236802,-0.0406538645037345,261.995585252349,263.188316364176,1.19273111182656
"190",37.4345359802246,-81.7034606933594,16,4,0.186677045426442,0.147956385664696,-0.0387206597617455,261.801742791591,262.955263197803,1.15352040621173
"191",37.4369621276855,-81.771240234375,16,4,0.186781766322535,0.149295950840011,-0.0374858154825241,261.688717887219,263.761209193603,2.07249130638382
"192",37.4393615722656,-81.8390808105469,16,4,0.187003682105699,0.151910189376706,-0.0350934927289928,262.682533228262,264.168953928844,1.48642070058156
"193",37.4417190551758,-81.9068908691406,16,4,0.187029602661005,0.153272012827955,-0.0337575898330492,264.690499284458,266.876877067165,2.18637778270687
"194",37.4440422058106,-81.9747009277344,16,4,0.186916196433297,0.152114175730951,-0.0348020207023459,261.505541001062,263.897466747298,2.39192574623627
"195",37.4463310241699,-82.0425415039063,16,4,0.187186879159421,0.153639694857856,-0.0335471843015644,262.706615492627,264.003757688553,1.29714219592603
"196",37.4475517272949,-80.6830749511719,16,4,0.189179394725105,0.140152811704315,-0.0490265830207894,262.20456281037,263.322603173003,1.11804036263396
"197",37.4485931396484,-82.1103515625,16,4,0.187063480839624,0.152510759392009,-0.0345527214476153,265.104748371701,267.202648783098,2.09790041139695
"198",37.4505233764648,-80.7508544921875,16,4,0.188981283084022,0.141318101525434,-0.0476631815585883,262.248158319349,264.167883787081,1.91972546773127
"199",37.4563713073731,-80.886474609375,16,4,0.187596791417059,0.138906418250531,-0.0486903731665281,259.929197942589,263.286893321138,3.35769537854884
"200",37.4592323303223,-80.9542541503906,16,4,0.188570286853788,0.142578506726524,-0.0459917801272642,263.610524759613,265.75114882392,2.14062406430685
"201",37.4620666503906,-81.0220642089844,16,4,0.188891212610624,0.142905233823491,-0.0459859787871325,262.185380043999,265.138673456649,2.95329341265057
"202",37.4648590087891,-81.0898742675781,16,4,0.18980464450942,0.140198788132259,-0.0496058563771612,260.214112151543,263.275744329872,3.06163217832886
"203",37.4676132202148,-81.1576843261719,16,4,0.191372366030169,0.149976999289161,-0.0413953667410077,259.1726995499,261.170840462719,1.99814091281934
"204",37.4703369140625,-81.2254943847656,16,4,0.193529179180795,0.158183049236156,-0.0353461299446399,258.32854976172,261.826146193012,3.4975964312921
"205",37.4730224609375,-81.2933349609375,16,4,0.190776541786663,0.156424389029602,-0.0343521527570615,258.885793113445,263.426682444472,4.54088933102668
"206",37.4756736755371,-81.3611450195313,16,4,0.190041701097982,0.153769369882601,-0.0362723312153815,259.916891038053,263.836724101106,3.91983306305264
"207",37.4782905578613,-81.4289855957031,16,4,0.189372936137338,0.152279692303568,-0.0370932438337699,262.000548866559,263.565563359514,1.5650144929545
"208",37.4808654785156,-81.496826171875,16,4,0.189663299299526,0.154975008148516,-0.0346882911510096,260.780645289938,262.211921177981,1.43127588804259
"209",37.4834022521973,-81.5646667480469,16,4,0.188772938199817,0.148054680220805,-0.0407182579790122,260.791183924471,262.894078438199,2.10289451372739
"210",37.4859085083008,-81.6325073242188,16,4,0.186746536961161,0.150122726918095,-0.0366238100430667,261.106497258197,263.348993425469,2.24249616727161
"211",37.4883766174316,-81.7003784179688,16,4,0.186244809576598,0.148452692255126,-0.0377921173214721,262.275837552936,263.544965911252,1.26912835831621
"212",37.4908180236816,-81.7682189941406,16,4,0.186413834607323,0.144106614371095,-0.0423072202362283,262.104037760602,262.949411884501,0.845374123898807
"213",37.4932060241699,-81.8360595703125,16,4,0.186709010589902,0.146348537646071,-0.0403604729438308,261.952164395038,264.208886533318,2.25672213827971
"214",37.4955673217773,-81.9039306640625,16,4,0.186628582006102,0.152332983517087,-0.0342955984890153,261.399411024125,263.775109133047,2.37569810892245
"215",37.4978981018066,-81.9718017578125,16,4,0.18732024622076,0.151601225172198,-0.035719021048562,262.11285080238,264.929824915176,2.81697411279617
"216",37.498348236084,-80.6114807128906,16,4,0.189062218657481,0.140353918834282,-0.0487082998231995,261.5306145294,262.847033020107,1.31641849070701
"217",37.5001754760742,-82.0396728515625,16,4,0.1872726806239,0.153301839052686,-0.0339708415712138,260.979951195561,262.553896813367,1.57394561780569
"218",37.5013618469238,-80.6793212890625,16,4,0.189352153190434,0.140855466853114,-0.0484966863373197,261.34769747109,263.688270702641,2.34057323155116
"219",37.5043449401856,-80.7471313476563,16,4,0.189220397510477,0.142780775502417,-0.0464396220080598,262.518835531075,265.916450710609,3.3976151795336
"220",37.5072784423828,-80.8149719238281,16,4,0.188400692628948,0.142137778466954,-0.0462629141619945,261.851992851146,264.143665921178,2.29167307003235
"221",37.5101852416992,-80.8828125,16,4,0.188228698688426,0.139756877887221,-0.0484718208012047,259.464114475989,263.164092671867,3.69997819587763
"222",37.513053894043,-80.95068359375,16,4,0.188693121553146,0.142815845370696,-0.0458772761824506,262.2504981825,264.385469199896,2.13497101739563
"223",37.5158882141113,-81.0185241699219,16,4,0.18889210203247,0.139660844198321,-0.0492312578341493,261.914430679682,264.511042405032,2.59661172534953
"224",37.518684387207,-81.0863647460938,16,4,0.1909552470091,0.148336731962553,-0.0426185150465465,259.069615884903,261.539690302353,2.47007441744989
"225",37.5214385986328,-81.1542358398438,16,4,0.192477779616468,0.15297527569075,-0.0395025039257179,258.538071652706,261.052159080044,2.51408742733787
"226",37.524169921875,-81.2221069335938,16,4,0.194119595329448,0.160643512596328,-0.0334760827331202,257.681524852798,261.456824106494,3.77529925369532
"227",37.5268516540527,-81.2899780273438,16,4,0.190552312208916,0.150628253812253,-0.039924058396663,258.404346353851,261.871970445597,3.46762409174602
"228",37.5294990539551,-81.3578491210938,16,4,0.189463264843589,0.15307034861687,-0.0363929162267181,260.23306710236,262.895344978557,2.66227787619698
"229",37.5321159362793,-81.4257202148438,16,4,0.189366807929345,0.154238360745108,-0.0351284471842367,260.922116234296,263.585537968358,2.66342173406127
"230",37.5346946716309,-81.4935913085938,16,4,0.188667813919184,0.147656675343924,-0.04101113857526,263.545433958105,265.04428392992,1.49884997181448
"231",37.537239074707,-81.5614929199219,16,4,0.189087047220571,0.148512552575388,-0.0405744946451826,261.246438809714,263.475714121263,2.22927531154846
"232",37.5397415161133,-81.62939453125,16,4,0.186893751196469,0.149511649353088,-0.0373821018433813,264.082298351853,265.28856074827,1.2062623964174
"233",37.5422210693359,-81.697265625,16,4,0.18675264090602,0.149494118337235,-0.0372585225687856,265.508710489608,265.586702381928,0.077991892320199
"234",37.5446510314941,-81.7651672363281,16,4,0.186511618451799,0.149640241988999,-0.0368713764627994,263.499306744962,264.213032733575,0.713725988612339
"235",37.5470504760742,-81.8330688476563,16,4,0.186652900860342,0.143609837344878,-0.043043063515464,263.621709640641,265.385338319612,1.76362867897052
"236",37.5491104125977,-80.539794921875,16,4,0.189250235192946,0.140698767499459,-0.0485514676934866,261.385143484775,262.38488917613,0.999745691355315
"237",37.5494041442871,-81.9010009765625,16,4,0.18673312626096,0.143574019813423,-0.0431591064475367,261.377509475571,262.881935919997,1.50442644442649
"238",37.5517349243164,-81.9689025878906,16,4,0.186588052824041,0.152655692447096,-0.0339323603769458,261.907685313398,262.509653764488,0.601968451089533
"239",37.5521545410156,-80.607666015625,16,4,0.189129440047912,0.141518417333971,-0.0476110227139412,260.610418828672,263.268652949649,2.65823412097654
"240",37.5581550598145,-80.743408203125,16,4,0.189436952329645,0.142735996640236,-0.0467009556894097,260.610160040732,264.268783041046,3.65862300031409
"241",37.561092376709,-80.811279296875,16,4,0.189548080006125,0.143969365505534,-0.0455787145005908,260.947408469898,264.554317042598,3.60690857270009
"242",37.5640029907227,-80.8791809082031,16,4,0.187722500509823,0.14010687587852,-0.0476156246313022,259.353121136715,262.799784370033,3.44666323331836
"243",37.5668716430664,-80.9470825195313,16,4,0.189203438147948,0.143671658453153,-0.0455317796947949,262.706617275185,265.60766469924,2.90104742405498
"244",37.5697059631348,-81.0149536132813,16,4,0.191565749615309,0.149112189117967,-0.0424535604973418,260.442459725897,261.979144790441,1.53668506454443
"245",37.5724945068359,-81.0828857421875,16,4,0.193556421556909,0.153692926631208,-0.039863494925701,257.026456643772,262.391037567213,5.36458092344134
"246",37.5752677917481,-81.1507568359375,16,4,0.194352646662562,0.158618513289796,-0.0357341333727661,258.418632125953,262.328624751536,3.90999262558302
"247",37.5779914855957,-81.2186889648438,16,4,0.192420365702369,0.154021389128497,-0.0383989765738728,258.381241190231,261.695975531388,3.31473434115725
"248",37.5806694030762,-81.2865905761719,16,4,0.189292331716122,0.148114546154537,-0.0411777855615843,256.339917074399,259.311664606202,2.97174753180315
"249",37.5833320617676,-81.3545227050781,16,4,0.186611000747576,0.146048907441921,-0.0405620933056557,258.38085066988,260.195006190675,1.81415552079466
"250",37.5859451293945,-81.4224243164063,16,4,0.187989971015681,0.146436795865553,-0.0415531751501278,259.970992820764,262.424261798049,2.45326897728501
"251",37.5885314941406,-81.4903564453125,16,4,0.188397676606863,0.147013252984699,-0.0413844236221648,260.30144837639,261.384392349283,1.08294397289325
"252",37.5910682678223,-81.5582885742188,16,4,0.187286387514194,0.14723489281385,-0.0400514947003437,261.082468131744,261.877155649767,0.794687518023295
"253",37.5935783386231,-81.626220703125,16,4,0.186256127078826,0.1474873288678,-0.0387687982110254,261.482194981332,262.603640208979,1.12144522764714
"254",37.5960464477539,-81.6941833496094,16,4,0.186599988351731,0.148334571551508,-0.0382654168002224,261.041904792095,262.821815359691,1.77991056759544
"255",37.5984878540039,-81.7621154785156,16,4,0.186755456596756,0.149142420639957,-0.0376130359567992,261.14230751458,262.552046534414,1.40973901983335
"256",37.6008834838867,-81.830078125,16,4,0.186921552929862,0.150353478601719,-0.0365680743281434,261.000036264875,262.594878548163,1.59484228328779
"257",37.6032485961914,-81.8980102539063,16,4,0.186890643027004,0.150850466621162,-0.0360401764058421,263.625421040871,264.465063343761,0.839642302889729
"258",37.6059646606445,-80.6038208007813,16,4,0.19126346958836,0.144692944009597,-0.0465705255787632,263.775341317358,266.209590312223,2.4342489948649
"259",37.6089782714844,-80.6717529296875,16,4,0.189553429504423,0.143171571880892,-0.046381857623531,262.695787524703,264.450093681244,1.75430615654176
"260",37.6119651794434,-80.7396850585938,16,4,0.190435135581537,0.143579447558072,-0.0468556880234653,260.4921066375,261.621387943497,1.12928130599704
"261",37.6148986816406,-80.8076171875,16,4,0.188993560465625,0.143012213790801,-0.0459813466748246,262.039691648546,264.911755326671,2.87206367812473
"262",37.617805480957,-80.8755493164063,16,4,0.189167202463434,0.1402574432014,-0.0489097592620339,260.724758882267,263.995946015129,3.27118713286143
"263",37.6206893920898,-80.9434814453125,16,4,0.187686820869155,0.14036283968489,-0.047323981184265,258.188146233824,262.382644406261,4.19449817243742
"264",37.6235160827637,-81.0114135742188,16,4,0.191997122587906,0.148376850451421,-0.0436202721364859,259.221684692756,262.620387074706,3.39870238194976
"265",37.6263122558594,-81.079345703125,16,4,0.194357556270199,0.15894680547294,-0.0354107507972588,260.625429596816,263.75111631367,3.12568671685403
"266",37.629077911377,-81.1473083496094,16,4,0.194114614460463,0.154722706502138,-0.0393919079583248,260.439634323672,262.31550336429,1.87586904061806
"267",37.6318130493164,-81.2152709960938,16,4,0.189909135343469,0.151424514670611,-0.038484620672858,258.465809212841,260.996490750642,2.53068153780083
"268",37.6344985961914,-81.2832336425781,16,4,0.187040383480018,0.143528298103281,-0.0435120853767375,256.680107076384,258.829313701329,2.1492066249458
"269",37.637149810791,-81.3511962890625,16,4,0.187856810090167,0.144761719296406,-0.0430950907937611,260.679665698581,262.423670990978,1.74400529239676
"270",37.6397743225098,-81.4191589355469,16,4,0.188992000223586,0.147497442811436,-0.0414945574121499,263.423829626916,264.732695656908,1.30886602999158
"271",37.6423530578613,-81.4871215820313,16,4,0.189734754848145,0.152888623390394,-0.036846131457751,263.395909282534,264.019549897956,0.623640615421834
"272",37.6448936462402,-81.5551147460938,16,4,0.188536038960832,0.145723929619776,-0.042812109341056,261.504041974836,262.897747460832,1.39370548599646
"273",37.6474113464356,-81.6231079101563,16,4,0.186775589715613,0.147104842206624,-0.0396707475089891,260.614348634496,261.250073796177,0.635725161680512
"274",37.6498794555664,-81.6910705566406,16,4,0.186565305674885,0.156060926484875,-0.0305043791900098,262.153407823273,264.60735718323,2.45394935995705
"275",37.6505012512207,-80.3961486816406,16,4,0.191758268503335,0.145423067596028,-0.0463352009073067,262.884203873218,264.484947076011,1.60074320279267
"276",37.6523170471191,-81.7590637207031,16,4,0.187219314806419,0.156170125666708,-0.0310491891397113,261.480556960159,262.880048742266,1.3994917821073
"277",37.653621673584,-80.464111328125,16,4,0.190947915552901,0.145400356377319,-0.0455475591755813,264.066243281096,265.145483313192,1.07924003209615
"278",37.6547164916992,-81.8270568847656,16,4,0.186913698134376,0.14995442986361,-0.0369592682707664,260.190347546599,261.704723454379,1.51437590778062
"279",37.6597671508789,-80.6000061035156,16,4,0.19101875040462,0.145314831471706,-0.0457039189329134,262.555441596111,264.404985607578,1.84954401146626
"280",37.6627807617188,-80.66796875,16,4,0.191550884464149,0.145596073751711,-0.0459548107124381,261.929021510345,263.941149615858,2.01212810551209
"281",37.6657638549805,-80.7359313964844,16,4,0.190800640174284,0.144208021036178,-0.0465926191381061,258.46070688222,261.476862790658,3.01615590843772
"282",37.6687164306641,-80.8038940429688,16,4,0.191821795809156,0.148543654718347,-0.0432781410908092,260.545107347151,263.360994261616,2.81588691446478
"283",37.6716270446777,-80.8718872070313,16,4,0.191237599490609,0.140635071330612,-0.0506025281599966,259.248576156937,262.794439253353,3.5458630964157
"284",37.6744918823242,-80.9398803710938,16,4,0.191649119232566,0.151022504766428,-0.0406266144661371,259.181944123365,263.935093361539,4.75314923817416
"285",37.6773338317871,-81.0078430175781,16,4,0.194464588793482,0.15833666633091,-0.0361279224625724,260.055402531923,262.272877595234,2.21747506331093
"286",37.6801338195801,-81.0758361816406,16,4,0.193997674344251,0.155360777317703,-0.0386368970265481,260.499667817916,264.583210996396,4.08354317848
"287",37.6828956604004,-81.1438598632813,16,4,0.192242145636486,0.152000992394585,-0.0402411532419017,259.407098601711,263.631042797184,4.22394419547311
"288",37.6856269836426,-81.2118530273438,16,4,0.190240797693351,0.153040278845566,-0.0372005188477852,259.466855681651,261.324122588034,1.8572669063829
"289",37.6883201599121,-81.2798461914063,16,4,0.189853517283255,0.152873192594657,-0.0369803246885979,259.752858935225,262.85236876062,3.09950982539442
"290",37.6909713745117,-81.3478393554688,16,4,0.189633710519771,0.152042970438009,-0.0375907400817618,261.063267013824,264.257013055658,3.19374604183417
"291",37.6935958862305,-81.4158630371094,16,4,0.189762040569474,0.152684989169927,-0.0370770513995466,263.824869933578,264.66203833857,0.837168404992156
"292",37.696174621582,-81.48388671875,16,4,0.18939300143827,0.145557687020777,-0.0438353144174924,261.665093649627,262.338432621896,0.673338972269505
"293",37.6987266540527,-81.5519104003906,16,4,0.189316189347987,0.145288520767019,-0.0440276685809673,262.141052833349,263.007476079972,0.866423246623697
"294",37.7011222839356,-80.3241882324219,16,4,0.192483673064187,0.14716764909688,-0.0453160239673072,263.457505433762,266.682338904521,3.22483347075911
"295",37.7012367248535,-81.6199340820313,16,4,0.187204362723419,0.154826260234339,-0.0323781024890797,258.232454729357,260.556151065975,2.32369633661756
"296",37.7037048339844,-81.68798828125,16,4,0.188867025683523,0.155100960824993,-0.03376606485853,261.776053970501,263.742647433039,1.96659346253807
"297",37.7042922973633,-80.3921813964844,16,4,0.192278885456173,0.148123913875504,-0.0441549715806692,262.42493901129,265.807313667427,3.38237465613651
"298",37.7061538696289,-81.7560119628906,16,4,0.187100388156109,0.147538260323139,-0.0395621278329699,263.350094511915,264.168966935107,0.818872423191976
"299",37.710506439209,-80.5281677246094,16,4,0.191086743904408,0.143456241910793,-0.0476305019936146,262.867786477591,263.709187872903,0.841401395311493
"300",37.7135696411133,-80.5961608886719,16,4,0.191868556053566,0.1511509832335,-0.0407175728200656,262.939616789645,264.776219340345,1.83660255069964
"301",37.7165832519531,-80.6641845703125,16,4,0.190972136683432,0.146252050282205,-0.0447200864012267,257.838993086111,260.513562684979,2.67456959886749
"302",37.7195663452148,-80.732177734375,16,4,0.192087523961526,0.14639519542079,-0.045692328540736,259.650956206942,262.33537833582,2.68442212887874
"303",37.7225189208984,-80.8002014160156,16,4,0.194270909734525,0.157613196904833,-0.0366577128296924,261.960935786078,265.707461853844,3.74652606776641
"304",37.7254333496094,-80.8682250976563,16,4,0.189758272345155,0.149439073299224,-0.0403191990459307,260.483107766597,263.331433089081,2.84832532248379
"305",37.7283020019531,-80.9362487792969,16,4,0.193142132923466,0.15542413170957,-0.0377180012138963,261.560949494658,265.051802658297,3.49085316363869
"306",37.7311477661133,-81.0042724609375,16,4,0.194255955301083,0.159578526825991,-0.0346774284750918,261.092415080809,262.313238850423,1.22082376961464
"307",37.733943939209,-81.0723266601563,16,4,0.193619711335516,0.155795984212903,-0.0378237271226129,260.701285590567,264.524029815359,3.82274422479242
"308",37.7367134094238,-81.140380859375,16,4,0.190612842813492,0.152787136070156,-0.0378257067433366,260.986995049842,264.475960332633,3.48896528279067
"309",37.7394409179688,-81.2084045410156,16,4,0.190422217975271,0.149652385512174,-0.0407698324630964,260.497264220555,262.976788720415,2.47952449986025
"310",37.7421264648438,-81.2764587402344,16,4,0.190220025156303,0.153387223345668,-0.0368328018106344,261.551025541812,264.473840302097,2.92281476028484
"311",37.7447929382324,-81.3445129394531,16,4,0.189772873652646,0.15462773809107,-0.0351451355615756,261.541365948421,264.142037331392,2.6006713829708
"312",37.7474136352539,-81.41259765625,16,4,0.189908798906713,0.153646017815563,-0.0362627810911498,263.798420574258,264.618526487373,0.820105913115242
"313",37.75,-81.4806518554688,16,4,0.191260780017635,0.164004080150079,-0.0272566998675559,263.9029212697,264.771454381984,0.868533112283785
"314",37.7517127990723,-80.2521362304688,16,4,0.192374462302584,0.158087775511782,-0.0342866867908023,262.302618366588,264.592401875799,2.28978350921057
"315",37.7525444030762,-81.5487060546875,16,4,0.191720675815673,0.164597156536692,-0.0271235192789819,261.053585425897,263.980429993149,2.92684456725146
"316",37.7549133300781,-80.3201599121094,16,4,0.191802776770297,0.146721616366144,-0.0450811604041529,262.210635681134,265.389283917652,3.17864823651752
"317",37.7550621032715,-81.6167907714844,16,4,0.190595913754678,0.163230333866567,-0.0273655798881105,260.260923312044,261.370320747347,1.10939743530315
"318",37.7575302124023,-81.6848754882813,16,4,0.189721460643349,0.152038566737661,-0.0376828939056872,260.80129678132,260.439856562835,-0.3614402184852
"319",37.7580795288086,-80.38818359375,16,4,0.191747988739514,0.147480693609133,-0.0442672951303811,262.957210498721,265.322218427787,2.36500792906617
"320",37.7612152099609,-80.4562377929688,16,4,0.191829709530153,0.14686555728563,-0.0449641522445224,262.127199740942,263.779679012599,1.65247927165734
"321",37.7643051147461,-80.5242919921875,16,4,0.191698347718898,0.146562740127132,-0.0451356075917654,262.247879038123,262.763537162802,0.515658124679135
"322",37.7673568725586,-80.5923156738281,16,4,0.19154275102199,0.149424229493043,-0.0421185215289469,260.421192188738,261.036189587431,0.614997398692537
"323",37.770378112793,-80.6603698730469,16,4,0.192403322023727,0.148080410761767,-0.0443229112619604,263.30111845646,264.260914064647,0.95979560818671
"324",37.7733726501465,-80.7284545898438,16,4,0.194630874238957,0.15510722732701,-0.0395236469119474,259.875832249038,263.401858774921,3.52602652588268
"325",37.7763137817383,-80.7965087890625,16,4,0.189499583443501,0.1460094490477,-0.0434901343958009,262.247955432544,264.3954646139,2.1475091813557
"326",37.7792320251465,-80.8645629882813,16,4,0.191728861856253,0.148750677956834,-0.042978183899419,258.181958055107,260.675462450854,2.49350439574727
"327",37.7821044921875,-80.9326477050781,16,4,0.191868983260864,0.149551183393848,-0.0423177998670166,259.430600409501,261.907020308217,2.47641989871624
"328",37.7849502563477,-81.000732421875,16,4,0.194380416651733,0.159208396381705,-0.0351720202700277,260.602922672811,263.942764919479,3.33984224666796
"329",37.7877540588379,-81.0687866210938,16,4,0.19288117859167,0.15240754200902,-0.0404736365826503,261.153769753488,263.899493929012,2.74572417552395
"330",37.7905197143555,-81.1369018554688,16,4,0.18997771029893,0.149646990137824,-0.0403307201611056,260.459077330698,263.20384936598,2.74477203528232
"331",37.7959480285645,-81.2730712890625,16,4,0.189888003719475,0.147864827149721,-0.0420231765697536,260.65514628578,262.414461481822,1.75931519604205
"332",37.7986106872559,-81.3411865234375,16,4,0.189028556666405,0.14905279789114,-0.0399757587752649,262.301573288219,263.849682765182,1.54810947696308
"333",37.8012313842773,-81.4093017578125,16,4,0.189855852982572,0.15344642488976,-0.0364094280928124,264.394272500467,265.568938924393,1.1746664239256
"334",37.8022499084473,-80.1799926757813,16,4,0.191961201262979,0.146371097362124,-0.0455901039008549,261.222058064553,265.356180820064,4.13412275551178
"335",37.803825378418,-81.4774169921875,16,4,0.191461135658989,0.164370954973175,-0.0270901806858143,265.663027816451,267.877136480784,2.21410866433354
"336",37.8054924011231,-80.248046875,16,4,0.191972564821653,0.146898979921665,-0.0450735848999881,262.839328895477,266.211048991253,3.37172009577671
"337",37.8063659667969,-81.5455322265625,16,4,0.192300359621174,0.157462604591934,-0.0348377550292401,263.779653402137,264.258394557,0.478741154862917
"338",37.8086967468262,-80.3161315917969,16,4,0.191440097904086,0.146746026988405,-0.0446940709156818,261.596667307958,264.714774189443,3.11810688148518
"339",37.8088836669922,-81.6136474609375,16,4,0.189944741144201,0.155407767592322,-0.0345369735518787,263.048970652453,263.457389671616,0.40841901916275
"340",37.8118629455566,-80.3842163085938,16,4,0.191816058395192,0.151290781471002,-0.0405252769241899,261.770642036502,262.973985549477,1.20334351297419
"341",37.8211479187012,-80.5884704589844,16,4,0.19180003823293,0.14557284903851,-0.0462271891944196,259.002114608969,259.685916499789,0.683801890820291
"342",37.8241729736328,-80.6565856933594,16,4,0.192733076404205,0.147553698411611,-0.0451793779925942,260.811476796778,263.60847657846,2.79699978168185
"343",37.8271675109863,-80.7246704101563,16,4,0.19392778770194,0.152016848941195,-0.0419109387607449,262.498251271879,264.271281649259,1.77303037737994
"344",37.8301086425781,-80.7927856445313,16,4,0.193890526060407,0.152739712759887,-0.04115081330052,257.531915350711,262.005889483807,4.47397413309574
"345",37.8330307006836,-80.8609008789063,16,4,0.193716471666264,0.152015899893481,-0.0417005717727835,258.530873483762,261.882397769852,3.35152428609018
"346",37.8359069824219,-80.9290161132813,16,4,0.194372058657537,0.155964568689749,-0.0384074899677876,257.394192102015,260.902754710923,3.50856260890765
"347",37.8387451171875,-80.9971313476563,16,4,0.192397871077093,0.152404315569381,-0.0399935555077117,259.185177706607,264.095673608569,4.91049590196144
"348",37.841552734375,-81.0652770996094,16,4,0.190587535357272,0.149692298080099,-0.0408952372771726,258.532193139571,262.227031349506,3.69483820993491
"349",37.8443183898926,-81.1334228515625,16,4,0.191687610194695,0.150221290154051,-0.0414663200406432,262.118629300314,265.370612541096,3.25198324078167
"350",37.8497543334961,-81.2696838378906,16,4,0.189744623077813,0.148337641830056,-0.0414069812477579,262.030390491573,263.240279773132,1.20988928155901
"351",37.8524208068848,-81.3378295898438,16,4,0.190863574824024,0.151036627422199,-0.039826947401825,265.409390998904,266.800137915859,1.39074691695549
"352",37.855037689209,-81.406005859375,16,4,0.190084306117647,0.152786281957986,-0.0372980241596603,260.691845926604,264.525455479213,3.83360955260929
"353",37.8560295104981,-80.1758728027344,16,4,0.192318504985614,0.157723096234318,-0.0345954087512952,262.338794504325,265.446648409341,3.10785390501582
"354",37.8576316833496,-81.4741516113281,16,4,0.188701227888298,0.156294403025025,-0.0324068248632732,263.183601078649,264.919319673599,1.73571859495024
"355",37.8592758178711,-80.2439880371094,16,4,0.191886727676095,0.146551034624347,-0.0453356930517484,261.773202456793,264.391616012074,2.61841355528151
"356",37.8601875305176,-81.5422973632813,16,4,0.191256861391601,0.164931637007337,-0.0263252243842649,265.38366368322,267.084673622892,1.70100993967225
"357",37.862476348877,-80.3121032714844,16,4,0.192349810425828,0.147435037586662,-0.0449147728391659,261.915598315148,264.46249160893,2.54689329378147
"358",37.865650177002,-80.3802185058594,16,4,0.191962165073905,0.147558716961937,-0.0444034481119681,261.772762748039,263.707428710581,1.93466596254143
"359",37.871883392334,-80.5164794921875,16,4,0.192246501375628,0.148161602528023,-0.0440848988476058,259.299290368612,262.911326092587,3.61203572397449
"360",37.8749389648438,-80.5846252441406,16,4,0.192833933463953,0.153913462819399,-0.0389204706445546,257.01277636328,260.519776001252,3.50699963797206
"361",37.8779640197754,-80.6527709960938,16,4,0.193466275394525,0.151281294981122,-0.0421849804134031,258.218753438542,261.567614445047,3.34886100650556
"362",37.8809623718262,-80.7209167480469,16,4,0.194115207127156,0.154689525988086,-0.0394256811390701,259.908496950001,263.691425232197,3.78292828219571
"363",37.883918762207,-80.7890625,16,4,0.195962981461354,0.162592868780419,-0.0333701126809347,260.131324959447,263.66328213225,3.53195717280306
"364",37.8868255615234,-80.8572387695313,16,4,0.195633900962479,0.164108580802394,-0.0315253201600854,258.631813282196,263.091272682275,4.45945940007937
"365",37.8897018432617,-80.9254150390625,16,4,0.19532861144746,0.164788802442696,-0.0305398090047643,261.519871801623,264.414566803406,2.89469500178211
"366",37.8925552368164,-80.9935607910156,16,4,0.194718742584957,0.161828434194601,-0.0328903083903564,259.047788450822,262.487583065262,3.43979461444019
"367",37.8953628540039,-81.0617370605469,16,4,0.189747704055378,0.144824924066501,-0.0449227799888775,261.316587184647,264.364024370787,3.04743718614014
"368",37.898136138916,-81.1299133300781,16,4,0.192505203138388,0.149499718725246,-0.0430054844131414,263.853535260804,265.334730630172,1.48119536936758
"369",37.9008636474609,-81.1981201171875,16,4,0.190190569959078,0.149829242454743,-0.0403613275043349,263.409581945463,265.88748262359,2.47790067812713
"370",37.9035682678223,-81.2662963867188,16,4,0.190051435421471,0.150097190569745,-0.0399542448517265,264.614414902711,265.769995675385,1.1555807726736
"371",37.9062271118164,-81.33447265625,16,4,0.190022635419046,0.151308639577557,-0.0387139958414888,263.569791964562,266.394273583551,2.82448161898907
"372",37.9088554382324,-81.4026794433594,16,4,0.190699599801337,0.152207202038159,-0.0384923977631786,263.893061685585,266.685194524339,2.79213283875407
"373",37.9098014831543,-80.1717224121094,16,4,0.191921212263266,0.146892285485465,-0.0450289267778015,261.11203342228,263.068069058278,1.95603563599735
"374",37.9114494323731,-81.4708862304688,16,4,0.191383673117236,0.166056851414211,-0.0253268217030254,262.715076615301,264.187557008896,1.47248039359499
"375",37.9130439758301,-80.2398986816406,16,4,0.1920251544815,0.147510648397167,-0.0445145060843328,261.584898023513,264.082848717559,2.49795069404507
"376",37.9162559509277,-80.3080444335938,16,4,0.192052950076155,0.147563155998491,-0.0444897940776644,261.771205040894,263.842096498816,2.07089145792133
"377",37.9225578308106,-80.4443969726563,16,4,0.192509236150796,0.148687986033931,-0.0438212501168654,258.091212579745,261.771101106488,3.67988852674273
"378",37.9256553649902,-80.5125732421875,16,4,0.192545241492062,0.148550074123733,-0.0439951673683289,256.9437103811,259.813357791162,2.86964741006204
"379",37.9287300109863,-80.5807495117188,16,4,0.194535339753548,0.155835810586484,-0.0386995291670638,256.20748058045,260.950604473985,4.74312389353503
"380",37.9347457885742,-80.7171630859375,16,4,0.195886003797602,0.162209269967881,-0.0336767338297217,257.60338762984,262.486133479315,4.88274584947499
"381",37.9376983642578,-80.7853393554688,16,4,0.195874995118425,0.162896627834498,-0.032978367283927,259.390601149573,262.077418603313,2.68681745374005
"382",37.9406204223633,-80.8535461425781,16,4,0.196795703994118,0.166439266726494,-0.0303564372676239,258.285449500915,263.328433961164,5.04298446024887
"383",37.9435005187988,-80.9217529296875,16,4,0.194658234482009,0.160297534870405,-0.0343606996116041,259.968457073865,264.060094487622,4.09163741375778
"384",37.9463500976563,-80.989990234375,16,4,0.194129693536269,0.154688744235552,-0.0394409493007163,259.015916593163,261.624366373551,2.60844978038807
"385",37.9491577148438,-81.0581970214844,16,4,0.190185132642881,0.152032921354351,-0.0381522112885297,259.200132213168,261.313308142573,2.11317592940446
"386",37.9519309997559,-81.1264343261719,16,4,0.189537806192687,0.147758519379444,-0.0417792868132436,261.536402988221,263.927706757706,2.39130376948475
"387",37.9546661376953,-81.1946411132813,16,4,0.191856792211554,0.154357603569567,-0.0374991886419866,262.872111376137,264.60775849362,1.73564711748332
"388",37.9573669433594,-81.2628784179688,16,4,0.189960607453366,0.148988622250836,-0.0409719852025301,264.135831587732,265.526715779095,1.39088419136391
"389",37.960033416748,-81.3311157226563,16,4,0.19148833954729,0.165851079294939,-0.0256372602523509,263.396315144372,265.112683198801,1.71636805442893
"390",37.9626617431641,-81.3993835449219,16,4,0.19122933094052,0.166163805417898,-0.0250655255226217,263.55764784186,264.783303291094,1.22565544923367
"391",37.9635734558106,-80.1676025390625,16,4,0.191758301035458,0.151914294069616,-0.0398440069658425,257.532533457258,259.499178388413,1.96664493115549
"392",37.9668235778809,-80.2357788085938,16,4,0.192462277904256,0.14736287904121,-0.045099398863046,260.37166439464,262.792891291536,2.42122689689609
"393",37.9700317382813,-80.3040161132813,16,4,0.192360977788975,0.152334333659916,-0.0400266441290587,258.792515648466,262.276589703703,3.48407405523727
"394",37.9763450622559,-80.4404296875,16,4,0.192694280784029,0.149367986435629,-0.0433262943483999,259.601921432743,261.197283955338,1.59536252259539
"395",37.9825172424316,-80.576904296875,16,4,0.197074780077172,0.168261614655162,-0.0288131654220097,258.726179521768,262.135081309315,3.40890178754756
"396",37.985538482666,-80.6451416015625,16,4,0.195964512994053,0.163356319841847,-0.0326081931522059,257.921799751508,259.926409356786,2.00460960527727
"397",37.9885330200195,-80.71337890625,16,4,0.196183908393168,0.164356121765203,-0.0318277866279652,255.716587940593,259.901286740118,4.18469879952525
"398",37.9914855957031,-80.7816162109375,16,4,0.197004620916312,0.164696258933641,-0.032308361982671,260.086824486133,263.403378355974,3.3165538698409
"399",37.9944114685059,-80.8498840332031,16,4,0.196421324095205,0.166895387384186,-0.0295259367110191,261.285855768297,265.160709969022,3.87485420072505
"400",37.9972953796387,-80.9181518554688,16,4,0.19446397775037,0.159836660198455,-0.0346273175519154,260.365068829364,263.937217342627,3.57214851326307
"401",38.0001449584961,-80.9863891601563,16,4,0.191617244523956,0.149861336868599,-0.0417559076553565,255.112688892281,258.189019806523,3.07633091424182
"402",38.0029525756836,-81.0546569824219,16,4,0.190378620374324,0.148860119220857,-0.0415185011534668,260.253906794581,261.429261545975,1.17535475139431
"403",38.0057258605957,-81.1229248046875,16,4,0.192136219332752,0.15105793859232,-0.041078280740432,261.236742663738,263.394373641138,2.1576309774004
"404",38.0084686279297,-81.1912231445313,16,4,0.190698005554832,0.156726254399973,-0.0339717511548592,261.324397350242,263.438370836459,2.11397348621688
"405",38.0111694335938,-81.2594909667969,16,4,0.190463056152818,0.159543234413897,-0.0309198217389209,262.492382976523,264.940319981397,2.44793700487372
"406",38.013843536377,-81.3277587890625,16,4,0.190186392545743,0.156625917750744,-0.033560474794998,262.221057921648,263.432848762597,1.21179084094877
"407",38.0173492431641,-80.1634521484375,16,4,0.192396063590381,0.148019090191376,-0.0443769733990047,259.42717235729,262.026194993785,2.59902263649479
"408",38.0205955505371,-80.231689453125,16,4,0.19260139327489,0.148475977490864,-0.0441254157840261,258.80394321444,263.998993388668,5.19505017422813
"409",38.023811340332,-80.2999572753906,16,4,0.192346431356065,0.151422453362767,-0.0409239779932974,257.885296427829,260.959647571903,3.07435114407411
"410",38.026985168457,-80.3682250976563,16,4,0.192819947558237,0.150024212266768,-0.0427957352914695,255.897280406747,259.399819788233,3.50253938148563
"411",38.0301208496094,-80.4364624023438,16,4,0.194724985770914,0.156803585489449,-0.0379214002814649,255.75705930155,260.656189023191,4.89912972164134
"412",38.0332260131836,-80.5047607421875,16,4,0.196641966971146,0.166463440752696,-0.0301785262184507,256.629261472239,261.33208935034,4.70282787810135
"413",38.0362892150879,-80.5730285644531,16,4,0.197488879943119,0.16885142584373,-0.0286374540993894,256.110231711622,260.160415864295,4.05018415267301
"414",38.0393218994141,-80.6412963867188,16,4,0.197698505167883,0.169625109638929,-0.0280733955289538,256.19182481321,262.233121352523,6.04129653931312
"415",38.0423278808594,-80.7095947265625,16,4,0.198131481234302,0.169561795395571,-0.0285696858387306,258.719765010682,262.921261693667,4.20149668298552
"416",38.0452766418457,-80.7778930664063,16,4,0.195983088067445,0.165765335665641,-0.0302177524018037,260.296637580656,264.148495138211,3.85185755755458
"417",38.0482025146484,-80.84619140625,16,4,0.194856367515822,0.160012487554881,-0.0348438799609403,261.375586093271,265.429258556808,4.05367246353745
"418",38.0510902404785,-80.9144897460938,16,4,0.193710384925256,0.155318932734776,-0.03839145219048,260.729516642732,264.044230506727,3.31471386399585
"419",38.0539360046387,-80.9827880859375,16,4,0.193791316800617,0.155335543075341,-0.0384557737252753,259.034018313227,261.765408112458,2.73138979923073
"420",38.0567512512207,-81.0511169433594,16,4,0.189829621057462,0.148958819368693,-0.0408708016887686,258.072187477568,260.143317271001,2.07112979343287
"421",38.0595245361328,-81.1194458007813,16,4,0.189906696529815,0.150208988275862,-0.0396977082539522,261.540426950502,261.489284441777,-0.0511425087248085
"422",38.0622634887695,-81.187744140625,16,4,0.190269683192416,0.155663253205918,-0.0346064299864979,262.97632269473,264.460366480627,1.48404378589663
"423",38.0649681091309,-81.2560729980469,16,4,0.190614971729685,0.147524090276529,-0.0430908814531555,263.995346145029,263.807741909841,-0.187604235187109
"424",38.0711097717285,-80.1593017578125,16,4,0.192399447575909,0.147851016198016,-0.0445484313778931,260.096267753958,263.75394299646,3.65767524250151
"425",38.0743598937988,-80.2276000976563,16,4,0.191920343313604,0.147904229220895,-0.0440161140927094,258.689206087528,262.035318117895,3.34611203036678
"426",38.0775756835938,-80.2958984375,16,4,0.194362218381142,0.15535282554927,-0.0390093928318718,256.852067853224,262.478383230358,5.62631537713401
"427",38.0807609558106,-80.3641967773438,16,4,0.194428985552769,0.156761994191776,-0.0376669913609936,255.047752936465,258.927701858453,3.87994892198827
"428",38.0839004516602,-80.4325256347656,16,4,0.197569815015186,0.168457968558772,-0.029111846456414,259.261531906016,262.492643892664,3.23111198664787
"429",38.0869979858398,-80.5008239746094,16,4,0.203054494886545,0.177422933663807,-0.0256315612227377,257.717051806395,262.221090272548,4.50403846615291
"430",38.0900688171387,-80.5691528320313,16,4,0.202928612606581,0.17767442831561,-0.025254184290971,259.473605570576,263.425173848056,3.95156827747945
"431",38.0931091308594,-80.6374816894531,16,4,0.201973207030981,0.176824477085211,-0.0251487299457699,256.806936845913,260.063763213875,3.25682636796211
"432",38.0961036682129,-80.705810546875,16,4,0.194969311677542,0.163844913042629,-0.0311243986349121,261.821423796714,264.354242169228,2.53281837251473
"433",38.099063873291,-80.774169921875,16,4,0.194935953766187,0.164067802436415,-0.0308681513297721,262.16148062952,265.311391223853,3.14991059433225
"434",38.1019859313965,-80.8424987792969,16,4,0.194499399566727,0.157443900719134,-0.037055498847593,259.645340712259,260.619811205585,0.974470493325839
"435",38.104866027832,-80.9108581542969,16,4,0.192317075299181,0.151226214797912,-0.0410908605012686,260.20611753936,262.54607155925,2.33995401989006
"436",38.1077308654785,-80.9791870117188,16,4,0.193449570564097,0.152585846032879,-0.0408637245312182,261.597935956915,262.905800627934,1.30786467101893
"437",38.110538482666,-81.0475463867188,16,4,0.189986708191487,0.149631758962468,-0.0403549492290187,256.456234312177,259.007249818325,2.55101550614734
"438",38.1133155822754,-81.1159362792969,16,4,0.18696142685876,0.146908543095356,-0.0400528837634041,257.740430885643,258.622467043582,0.882036157938899
"439",38.1160545349121,-81.1842956542969,16,4,0.187281932122707,0.147267244057191,-0.040014688065516,258.797614086074,260.14967058922,1.35205650314617
"440",38.1248779296875,-80.1551513671875,16,4,0.192361454355541,0.150037152329564,-0.0423243020259763,261.053062626878,263.341862734782,2.2888001079038
"441",38.1281280517578,-80.2234802246094,16,4,0.192215008364361,0.148534314016844,-0.0436806943475171,253.617932271576,256.80730745424,3.18937518266316
"442",38.1313438415527,-80.2918395996094,16,4,0.194378661866903,0.156861527785937,-0.0375171340809654,256.658516341484,260.468599310205,3.81008296872039
"443",38.1345252990723,-80.3601684570313,16,4,0.201673660527478,0.176788525971225,-0.0248851345562523,255.194059630487,259.422684540442,4.22862490995439
"444",38.1376609802246,-80.4285278320313,16,4,0.20240350038434,0.178000679448212,-0.0244028209361271,254.83774815327,260.342307786026,5.50455963275581
"445",38.1407737731934,-80.4969177246094,16,4,0.201951195201204,0.177101713865704,-0.0248494813355004,258.282103304506,261.813447634921,3.53134433041481
"446",38.1438446044922,-80.5652770996094,16,4,0.198857297660915,0.173679923093869,-0.0251773745670466,259.574666579266,262.994952296731,3.42028571746465
"447",38.1468849182129,-80.6336669921875,16,4,0.195536021869421,0.16586851566441,-0.0296675062050105,256.323276031926,261.268743546356,4.94546751442942
"448",38.1498870849609,-80.7020263671875,16,4,0.19445356219418,0.160694174358423,-0.0337593878357568,259.258222753113,262.113336328656,2.85511357554373
"449",38.1528434753418,-80.7704162597656,16,4,0.194436210464472,0.160583519619386,-0.0338526908450859,258.732266541173,264.038192513813,5.30592597264035
"450",38.1557693481445,-80.8388061523438,16,4,0.193576264409529,0.154063970946175,-0.0395122934633543,257.152206715149,260.315446611781,3.16323989663181
"451",38.1586570739746,-80.9071960449219,16,4,0.190659753868158,0.152011533174117,-0.0386482206940418,259.001880543166,261.849663791483,2.84778324831774
"452",38.1615180969238,-80.9755859375,16,4,0.190327090917373,0.151859812718366,-0.0384672781990074,259.917253339012,261.638482829038,1.72122949002602
"453",38.1643333435059,-81.0440063476563,16,4,0.189821972180266,0.147259517803786,-0.0425624543764805,259.17649866304,259.834912651083,0.658413988042525
"454",38.167106628418,-81.1124267578125,16,4,0.190270251595976,0.155581669650809,-0.0346885819451674,259.884513518447,262.106010686983,2.22149716853568
"455",38.1786270141602,-80.1509704589844,16,4,0.192793774065204,0.150338663786082,-0.042455110279122,253.458824569902,256.392418807185,2.93359423728282
"456",38.1818885803223,-80.2193603515625,16,4,0.19566683618437,0.158422617300435,-0.0372442188839355,252.088724967351,257.330418349352,5.24169338200173
"457",38.1851043701172,-80.2877807617188,16,4,0.200275505968042,0.175611724927478,-0.0246637810405642,256.046822194946,259.85681808883,3.80999589388438
"458",38.1882820129395,-80.3561706542969,16,4,0.202400753158829,0.179581324406232,-0.0228194287525965,256.617912175049,259.689479954155,3.07156777910615
"459",38.1914329528809,-80.424560546875,16,4,0.201947206645562,0.177663845668511,-0.0242833609770515,253.592577635467,258.55180645075,4.95922881528239
"460",38.1945381164551,-80.4929809570313,16,4,0.19827395925875,0.174155627328751,-0.0241183319299994,257.341372213749,261.853384749901,4.51201253615159
"461",38.1976165771484,-80.5614013671875,16,4,0.194785241758524,0.156223538129572,-0.0385617036289521,257.431199228366,260.799247054653,3.36804782628661
"462",38.2006568908691,-80.6298217773438,16,4,0.194789717587708,0.161923149238177,-0.0328665683495313,258.174905915217,261.540182030016,3.36527611479863
"463",38.2036514282227,-80.6982421875,16,4,0.194722088249803,0.16215498567434,-0.0325671025754634,257.535965199498,261.01946955732,3.48350435782152
"464",38.2066116333008,-80.7666625976563,16,4,0.193521863315503,0.155077446601623,-0.0384444167138802,256.864016147709,259.537060754794,2.67304460708436
"465",38.2095489501953,-80.8351135253906,16,4,0.191300668083669,0.151922839865664,-0.0393778282180044,256.786795224661,259.012886531065,2.22609130640393
"466",38.2124290466309,-80.903564453125,16,4,0.190265029597181,0.151910014894906,-0.038355014702275,257.207895959375,260.714241721209,3.50634576183342
"467",38.2181015014648,-81.0404357910156,16,4,0.188915760433926,0.142268156207327,-0.0466476042265991,257.665844052139,257.772383672268,0.106539620129354
"468",38.2323799133301,-80.1468200683594,16,4,0.194946549460093,0.163745812542481,-0.0312007369176124,255.507552706995,259.524041344164,4.01648863716915
"469",38.2356452941895,-80.2152404785156,16,4,0.201396583489449,0.178061463961466,-0.0233351195279827,256.059110812643,260.422732237049,4.3636214244068
"470",38.2388610839844,-80.28369140625,16,4,0.2019405617729,0.181041446448603,-0.0208991153242963,253.173287695871,258.171720802424,4.99843310655288
"471",38.2451972961426,-80.4205932617188,16,4,0.201369743595901,0.177276180558025,-0.0240935630378762,254.359962459845,258.777450944537,4.41748848469132
"472",38.2483024597168,-80.4890441894531,16,4,0.195293669662315,0.161799705525151,-0.0334939641371643,252.440316048959,256.46864548818,4.02832943922112
"473",38.2513847351074,-80.5574951171875,16,4,0.195059291608545,0.161003531118464,-0.0340557604900815,255.872656644277,259.470771061264,3.59811441698744
"474",38.2544136047363,-80.6259765625,16,4,0.194203370289062,0.156129739649338,-0.0380736306397245,257.744511802139,258.892513783679,1.14800198154069
"475",38.2574195861816,-80.6944580078125,16,4,0.193269216448721,0.152879192700945,-0.0403900237477757,257.925912544065,260.737902360604,2.81198981653938
"476",38.2603874206543,-80.7629089355469,16,4,0.192858671673002,0.151843907006147,-0.0410147646668544,258.228184182477,259.938377847379,1.71019366490202
"477",38.263313293457,-80.8313903808594,16,4,0.193306481729989,0.152763143139355,-0.0405433385906343,258.073849434381,259.449701502549,1.37585206816794
"478",38.2662124633789,-80.89990234375,16,4,0.191303564241205,0.153721400460824,-0.0375821637803812,253.991505281124,257.290622364888,3.29911708376426
"479",38.2690658569336,-80.9683837890625,16,4,0.189734574994286,0.143025271940724,-0.0467093030535625,256.65661992508,257.941782105724,1.28516218064357
"480",38.2861366271973,-80.1426391601563,16,4,0.198366366956865,0.166121590393749,-0.0322447765631164,254.614415738243,258.38251078972,3.76809505147679
"481",38.2894020080566,-80.2111206054688,16,4,0.201036267636487,0.176439143689434,-0.0245971239470536,259.209832321926,263.754662418807,4.54483009688062
"482",38.2989501953125,-80.4165954589844,16,4,0.201201283076978,0.176195092092041,-0.0250061909849372,256.824976750025,260.821658564913,3.99668181488755
"483",38.3020668029785,-80.485107421875,16,4,0.197570785877436,0.172110429738305,-0.0254603561391308,253.634116739732,257.295791261039,3.66167452130634
"484",38.3051490783691,-80.5535888671875,16,4,0.196642697167838,0.166227377809217,-0.0304153193586212,257.873794946432,260.597671661785,2.7238767153537
"485",38.3081779479981,-80.6221313476563,16,4,0.194355971849918,0.155649377964603,-0.0387065938853148,257.321564830499,260.488484593599,3.1669197631
"486",38.3111877441406,-80.6906433105469,16,4,0.194079793733657,0.157983783196783,-0.0360960105368733,259.364317774454,261.530379587923,2.16606181346901
"487",38.3141593933106,-80.7591552734375,16,4,0.193540229244718,0.159249304555183,-0.034290924689535,257.152812961923,259.904388552956,2.75157559103366
"488",38.3170928955078,-80.8276977539063,16,4,0.193462380593902,0.155767399992131,-0.0376949806017703,257.807381752201,261.439400863094,3.63201911089345
"489",38.3199844360352,-80.896240234375,16,4,0.193518682086045,0.154887046265033,-0.0386316358210121,256.288478643908,257.956102389767,1.66762374585954
"490",38.3398857116699,-80.1384582519531,16,4,0.202402033321646,0.179200583698488,-0.023201449623158,257.263018949752,260.967606460173,3.70458751042105
"491",38.343147277832,-80.2070007324219,16,4,0.202878234796896,0.181090924994301,-0.0217873098025951,254.836862187595,258.431091854117,3.59422966652266
"492",38.3495635986328,-80.3440551757813,16,4,0.200275583872172,0.175134309642952,-0.02514127422922,254.693051277631,259.627117054847,4.9340657772162
"493",38.3527069091797,-80.41259765625,16,4,0.198445294354126,0.173708354124761,-0.0247369402293657,256.755309828012,259.790557131768,3.03524730375602
"494",38.355827331543,-80.4811401367188,16,4,0.197071780187179,0.167410889086996,-0.0296608911001833,255.234901715802,259.406012435132,4.17111071933027
"495",38.3589057922363,-80.5497131347656,16,4,0.194178352366887,0.154762193945266,-0.0394161584216207,257.164020487947,260.094566498662,2.93054601071526
"496",38.3619422912598,-80.6182556152344,16,4,0.194522415050858,0.157818561893713,-0.0367038531571451,255.702101725498,259.606902252053,3.90480052655502
"497",38.3649559020996,-80.6868286132813,16,4,0.194698824942674,0.161088534708929,-0.0336102902337455,256.972095466032,259.287561075348,2.31546560931571
"498",38.3679237365723,-80.7554016113281,16,4,0.194484272017712,0.161624665431266,-0.0328596065864458,256.824944511402,260.300874767638,3.47593025623604
"499",38.3708572387695,-80.823974609375,16,4,0.193923777827848,0.158446075603995,-0.0354777022238535,259.373696891148,261.077547946818,1.70385105567021
